{
  "n_test": 500,
  "n_pos_test": 250,
  "n_neg_test": 250,
  "n_val": null,
  "n_pos_val": null,
  "n_neg_val": null,
  "flip_score": false,
  "threshold": 0.10276945143499795,
  "threshold_source": "test (optimistic)",
  "score_flipped": false,
  "auroc@test": 0.893456,
  "auprc@test": 0.9185318813505338,
  "accuracy@thr": 0.836,
  "precision@thr": 0.8652173913043478,
  "recall@thr": 0.796,
  "f1@thr": 0.8291666666666667,
  "eer@test": 0.17600000000000002,
  "tpr@fpr=0.010@test": 0.536,
  "selection_details": {
    "eer_sel": 0.17600000000000002,
    "thr_eer_sel": 0.09020715039055627
  }
}