{
  "threshold": 1.9612959802632532,
  "accuracy": 0.882,
  "precision": 0.9751243781094527,
  "recall": 0.784,
  "f1_score": 0.8691796008869179,
  "roc_auc": 0.9321919999999998,
  "average_precision": 0.9502789076667111
}