{
  "threshold": 1.52127765851133,
  "accuracy": 0.894630192502533,
  "precision": 0.9351230425055929,
  "recall": 0.847870182555781,
  "f1_score": 0.8893617021276595,
  "roc_auc": 0.9580298264775686,
  "average_precision": 0.95996643830281
}