{
  "sample_sizes": {
    "n_test": 300,
    "n_pos_test": 150,
    "n_neg_test": 150,
    "n_val": 200,
    "n_pos_val": 100,
    "n_neg_val": 100
  },
  "threshold": -0.39056673294247163,
  "threshold_source": "validation",
  "auroc@test": 0.5844222222222222,
  "auprc@test": 0.5503170938852351,
  "accuracy@thr": 0.5566666666666666,
  "precision@thr": 0.5431472081218274,
  "recall@thr": 0.7133333333333334,
  "f1@thr": 0.6167146974063401,
  "eer@test": 0.43999999999999995,
  "tpr@fpr=0.010@test": 0.0,
  "selection_details": {
    "eer_sel": 0.495,
    "thr_eer_sel": 0.11867816581938533
  }
}