{
  "sample_sizes": {
    "n_test": 300,
    "n_pos_test": 150,
    "n_neg_test": 150,
    "n_val": 200,
    "n_pos_val": 100,
    "n_neg_val": 100
  },
  "threshold": -0.07018624063435965,
  "threshold_source": "validation",
  "auroc@test": 0.5040666666666667,
  "auprc@test": 0.5243857255065036,
  "accuracy@thr": 0.5133333333333333,
  "precision@thr": 0.52,
  "recall@thr": 0.3466666666666667,
  "f1@thr": 0.416,
  "eer@test": 0.52,
  "tpr@fpr=0.010@test": 0.006666666666666667,
  "selection_details": {
    "eer_sel": 0.55,
    "thr_eer_sel": -0.6900655593423543
  }
}