{
  "sample_sizes": {
    "n_test": 300,
    "n_pos_test": 150,
    "n_neg_test": 150,
    "n_val": 200,
    "n_pos_val": 100,
    "n_neg_val": 100
  },
  "threshold": 0.24618298195866545,
  "threshold_source": "validation",
  "auroc@test": 0.4914222222222222,
  "auprc@test": 0.49614280912090425,
  "accuracy@thr": 0.47333333333333333,
  "precision@thr": 0.4649122807017544,
  "recall@thr": 0.35333333333333333,
  "f1@thr": 0.4015151515151515,
  "eer@test": 0.5133333333333334,
  "tpr@fpr=0.010@test": 0.006666666666666667,
  "selection_details": {
    "eer_sel": 0.5,
    "thr_eer_sel": -0.14586499149789456
  }
}