{
  "sample_sizes": {
    "n_test": 300,
    "n_pos_test": 150,
    "n_neg_test": 150,
    "n_val": 200,
    "n_pos_val": 100,
    "n_neg_val": 100
  },
  "threshold": -0.1643989873053573,
  "threshold_source": "validation",
  "auroc@test": 0.5112222222222222,
  "auprc@test": 0.51572396096636,
  "accuracy@thr": 0.49666666666666665,
  "precision@thr": 0.4972972972972973,
  "recall@thr": 0.6133333333333333,
  "f1@thr": 0.5492537313432836,
  "eer@test": 0.4766666666666667,
  "tpr@fpr=0.010@test": 0.0,
  "selection_details": {
    "eer_sel": 0.43999999999999995,
    "thr_eer_sel": 0.0
  }
}