{
  "sample_sizes": {
    "n_test": 300,
    "n_pos_test": 150,
    "n_neg_test": 150,
    "n_val": 200,
    "n_pos_val": 100,
    "n_neg_val": 100
  },
  "threshold": -0.254000254000381,
  "threshold_source": "validation",
  "auroc@test": 0.5202888888888889,
  "auprc@test": 0.5224591799271683,
  "accuracy@thr": 0.5,
  "precision@thr": 0.5,
  "recall@thr": 0.6066666666666667,
  "f1@thr": 0.5481927710843374,
  "eer@test": 0.4933333333333333,
  "tpr@fpr=0.010@test": 0.0,
  "selection_details": {
    "eer_sel": 0.52,
    "thr_eer_sel": -0.10482848367219183
  }
}