{
  "sample_sizes": {
    "n_test": 300,
    "n_pos_test": 150,
    "n_neg_test": 150,
    "n_val": 200,
    "n_pos_val": 100,
    "n_neg_val": 100
  },
  "threshold": 0.08531041639115737,
  "threshold_source": "validation",
  "auroc@test": 0.5817333333333332,
  "auprc@test": 0.6050385647197147,
  "accuracy@thr": 0.5366666666666666,
  "precision@thr": 0.5797101449275363,
  "recall@thr": 0.26666666666666666,
  "f1@thr": 0.365296803652968,
  "eer@test": 0.43999999999999995,
  "tpr@fpr=0.010@test": 0.04,
  "selection_details": {
    "eer_sel": 0.47,
    "thr_eer_sel": -0.04149770598078883
  }
}