{
  "sample_sizes": {
    "n_test": 300,
    "n_pos_test": 150,
    "n_neg_test": 150,
    "n_val": 200,
    "n_pos_val": 100,
    "n_neg_val": 100
  },
  "threshold": 0.11165784239768982,
  "threshold_source": "validation",
  "auroc@test": 0.5558222222222222,
  "auprc@test": 0.5782428278118064,
  "accuracy@thr": 0.5366666666666666,
  "precision@thr": 0.5846153846153846,
  "recall@thr": 0.25333333333333335,
  "f1@thr": 0.35348837209302325,
  "eer@test": 0.4633333333333334,
  "tpr@fpr=0.010@test": 0.013333333333333334,
  "selection_details": {
    "eer_sel": 0.42000000000000004,
    "thr_eer_sel": 0.02896577850827631
  }
}