{
  "sample_sizes": {
    "n_test": 300,
    "n_pos_test": 150,
    "n_neg_test": 150,
    "n_val": 200,
    "n_pos_val": 100,
    "n_neg_val": 100
  },
  "threshold": 0.0153261520141779,
  "threshold_source": "validation",
  "auroc@test": 0.5676444444444444,
  "auprc@test": 0.578366316182511,
  "accuracy@thr": 0.5333333333333333,
  "precision@thr": 0.526595744680851,
  "recall@thr": 0.66,
  "f1@thr": 0.5857988165680473,
  "eer@test": 0.44666666666666666,
  "tpr@fpr=0.010@test": 0.04,
  "selection_details": {
    "eer_sel": 0.43000000000000005,
    "thr_eer_sel": 0.05883848303701819
  }
}