{
  "sample_sizes": {
    "n_test": 300,
    "n_pos_test": 150,
    "n_neg_test": 150,
    "n_val": 200,
    "n_pos_val": 100,
    "n_neg_val": 100
  },
  "threshold": -0.17407765595569785,
  "threshold_source": "validation",
  "auroc@test": 0.6473111111111112,
  "auprc@test": 0.6143888431406814,
  "accuracy@thr": 0.61,
  "precision@thr": 0.5854922279792746,
  "recall@thr": 0.7533333333333333,
  "f1@thr": 0.6588921282798834,
  "eer@test": 0.4033333333333333,
  "tpr@fpr=0.010@test": 0.013333333333333334,
  "selection_details": {
    "eer_sel": 0.42500000000000004,
    "thr_eer_sel": 0.0
  }
}