{
  "sample_sizes": {
    "n_test": 300,
    "n_pos_test": 150,
    "n_neg_test": 150,
    "n_val": 200,
    "n_pos_val": 100,
    "n_neg_val": 100
  },
  "threshold": 0.13483997249264842,
  "threshold_source": "validation",
  "auroc@test": 0.6081333333333333,
  "auprc@test": 0.6401817831339944,
  "accuracy@thr": 0.5666666666666667,
  "precision@thr": 0.5568181818181818,
  "recall@thr": 0.6533333333333333,
  "f1@thr": 0.6012269938650306,
  "eer@test": 0.42000000000000004,
  "tpr@fpr=0.010@test": 0.06666666666666667,
  "selection_details": {
    "eer_sel": 0.395,
    "thr_eer_sel": 0.15617376188860607
  }
}