{
  "sample_sizes": {
    "n_test": 300,
    "n_pos_test": 150,
    "n_neg_test": 150,
    "n_val": 200,
    "n_pos_val": 100,
    "n_neg_val": 100
  },
  "threshold": -0.5423261445466404,
  "threshold_source": "validation",
  "auroc@test": 0.5840666666666666,
  "auprc@test": 0.5684137887064862,
  "accuracy@thr": 0.5333333333333333,
  "precision@thr": 0.5190839694656488,
  "recall@thr": 0.9066666666666666,
  "f1@thr": 0.6601941747572816,
  "eer@test": 0.44666666666666666,
  "tpr@fpr=0.010@test": 0.0,
  "selection_details": {
    "eer_sel": 0.475,
    "thr_eer_sel": 0.9761870601839528
  }
}