{
  "sample_sizes": {
    "n_test": 300,
    "n_pos_test": 150,
    "n_neg_test": 150,
    "n_val": 200,
    "n_pos_val": 100,
    "n_neg_val": 100
  },
  "threshold": -4.503024286273868,
  "threshold_source": "validation",
  "auroc@test": 0.4169555555555555,
  "auprc@test": 0.46659999808920816,
  "accuracy@thr": 0.43333333333333335,
  "precision@thr": 0.4484536082474227,
  "recall@thr": 0.58,
  "f1@thr": 0.5058139534883721,
  "eer@test": 0.5966666666666667,
  "tpr@fpr=0.010@test": 0.006666666666666667,
  "selection_details": {
    "eer_sel": 0.49,
    "thr_eer_sel": -4.005180976482571
  }
}