{
  "sample_sizes": {
    "n_test": 300,
    "n_pos_test": 150,
    "n_neg_test": 150,
    "n_val": 200,
    "n_pos_val": 100,
    "n_neg_val": 100
  },
  "threshold": 0.14002800840280097,
  "threshold_source": "validation",
  "auroc@test": 0.6736222222222222,
  "auprc@test": 0.6667445784177654,
  "accuracy@thr": 0.6333333333333333,
  "precision@thr": 0.6234567901234568,
  "recall@thr": 0.6733333333333333,
  "f1@thr": 0.6474358974358975,
  "eer@test": 0.3766666666666667,
  "tpr@fpr=0.010@test": 0.02666666666666667,
  "selection_details": {
    "eer_sel": 0.395,
    "thr_eer_sel": 0.12803687993289598
  }
}