{
  "sample_sizes": {
    "n_test": 300,
    "n_pos_test": 150,
    "n_neg_test": 150,
    "n_val": 200,
    "n_pos_val": 100,
    "n_neg_val": 100
  },
  "threshold": -0.11964474532201334,
  "threshold_source": "validation",
  "auroc@test": 0.5386666666666666,
  "auprc@test": 0.572272702528798,
  "accuracy@thr": 0.5133333333333333,
  "precision@thr": 0.51010101010101,
  "recall@thr": 0.6733333333333333,
  "f1@thr": 0.5804597701149425,
  "eer@test": 0.4766666666666667,
  "tpr@fpr=0.010@test": 0.02666666666666667,
  "selection_details": {
    "eer_sel": 0.505,
    "thr_eer_sel": -0.06060177286313514
  }
}