{
  "sample_sizes": {
    "n_test": 300,
    "n_pos_test": 150,
    "n_neg_test": 150,
    "n_val": 200,
    "n_pos_val": 100,
    "n_neg_val": 100
  },
  "threshold": 0.13782664991560437,
  "threshold_source": "validation",
  "auroc@test": 0.43257777777777784,
  "auprc@test": 0.4560616382922394,
  "accuracy@thr": 0.49,
  "precision@thr": 0.4634146341463415,
  "recall@thr": 0.12666666666666668,
  "f1@thr": 0.19895287958115182,
  "eer@test": 0.5566666666666666,
  "tpr@fpr=0.010@test": 0.0,
  "selection_details": {
    "eer_sel": 0.51,
    "thr_eer_sel": -0.09380459558704625
  }
}