{
  "sample_sizes": {
    "n_test": 300,
    "n_pos_test": 150,
    "n_neg_test": 150,
    "n_val": 200,
    "n_pos_val": 100,
    "n_neg_val": 100
  },
  "threshold": -0.5407506473686384,
  "threshold_source": "validation",
  "auroc@test": 0.4435111111111111,
  "auprc@test": 0.4700154302409139,
  "accuracy@thr": 0.5033333333333333,
  "precision@thr": 0.5016835016835017,
  "recall@thr": 0.9933333333333333,
  "f1@thr": 0.6666666666666666,
  "eer@test": 0.5233333333333333,
  "tpr@fpr=0.010@test": 0.0,
  "selection_details": {
    "eer_sel": 0.52,
    "thr_eer_sel": -0.06170308003400234
  }
}