{
  "threshold": 0.04735094975001119,
  "accuracy": 0.786,
  "precision": 0.7760617760617761,
  "recall": 0.804,
  "f1_score": 0.7897838899803536,
  "roc_auc": 0.851888,
  "average_precision": 0.876966439654031
}