{
  "sample_sizes": {
    "n_test": 300,
    "n_pos_test": 150,
    "n_neg_test": 150,
    "n_val": 200,
    "n_pos_val": 100,
    "n_neg_val": 100
  },
  "threshold": 0.01697250207265218,
  "threshold_source": "validation",
  "auroc@test": 0.4723111111111111,
  "auprc@test": 0.46692581378386366,
  "accuracy@thr": 0.49333333333333335,
  "precision@thr": 0.4880952380952381,
  "recall@thr": 0.2733333333333333,
  "f1@thr": 0.3504273504273504,
  "eer@test": 0.5233333333333333,
  "tpr@fpr=0.010@test": 0.0,
  "selection_details": {
    "eer_sel": 0.51,
    "thr_eer_sel": -0.048287201386231646
  }
}