{
  "sample_sizes": {
    "n_test": 300,
    "n_pos_test": 150,
    "n_neg_test": 150,
    "n_val": 200,
    "n_pos_val": 100,
    "n_neg_val": 100
  },
  "threshold": Infinity,
  "threshold_source": "validation",
  "auroc@test": 0.5110222222222223,
  "auprc@test": 0.5072889303278763,
  "accuracy@thr": 0.5,
  "precision@thr": 0.0,
  "recall@thr": 0.0,
  "f1@thr": 0.0,
  "eer@test": 0.4733333333333334,
  "tpr@fpr=0.010@test": 0.0,
  "selection_details": {
    "eer_sel": 0.5800000000000001,
    "thr_eer_sel": -0.09756861701607704
  }
}