{
  "threshold": 0.2590988820249384,
  "accuracy": 0.91,
  "precision": 0.8867924528301887,
  "recall": 0.94,
  "f1_score": 0.912621359223301,
  "roc_auc": 0.9496,
  "average_precision": 0.9373449850134731
}