{
  "threshold": 0.14249599831444876,
  "accuracy": 0.81,
  "precision": 0.803921568627451,
  "recall": 0.82,
  "f1_score": 0.8118811881188119,
  "roc_auc": 0.8804,
  "average_precision": 0.8961900089249184
}