{
  "threshold": 0.15007157064974308,
  "accuracy": 0.87,
  "precision": 0.8936170212765957,
  "recall": 0.84,
  "f1_score": 0.865979381443299,
  "roc_auc": 0.9348,
  "average_precision": 0.9469478907736534
}