{
  "threshold": 1.0954451150103321,
  "accuracy": 0.94,
  "precision": 0.94,
  "recall": 0.94,
  "f1_score": 0.94,
  "roc_auc": 0.9846,
  "average_precision": 0.9857164149358635
}