{
  "threshold": 0.9284766908852594,
  "accuracy": 0.93,
  "precision": 0.9215686274509803,
  "recall": 0.94,
  "f1_score": 0.9306930693069307,
  "roc_auc": 0.9611999999999999,
  "average_precision": 0.952124979274767
}