{
  "threshold": 1.6397831834998458,
  "accuracy": 0.95,
  "precision": 1.0,
  "recall": 0.9,
  "f1_score": 0.9473684210526315,
  "roc_auc": 0.9820000000000001,
  "average_precision": 0.9857725163645106
}