{
  "threshold": 1.5689290811054724,
  "accuracy": 0.93,
  "precision": 0.9574468085106383,
  "recall": 0.9,
  "f1_score": 0.9278350515463918,
  "roc_auc": 0.9656,
  "average_precision": 0.9715014802129334
}