{
  "threshold": 0.19975322087605793,
  "accuracy": 0.8383838383838383,
  "precision": 0.84,
  "recall": 0.84,
  "f1_score": 0.84,
  "roc_auc": 0.8881632653061224,
  "average_precision": 0.8366677479634032
}