{
  "threshold": 0.04731109880265735,
  "accuracy": 0.91,
  "precision": 0.847457627118644,
  "recall": 1.0,
  "f1_score": 0.9174311926605505,
  "roc_auc": 0.9476,
  "average_precision": 0.9312474239377069
}