{
  "threshold": 1.9611613513818404,
  "accuracy": 0.9,
  "precision": 0.9347826086956522,
  "recall": 0.86,
  "f1_score": 0.8958333333333334,
  "roc_auc": 0.9508,
  "average_precision": 0.960371520104103
}