{
  "threshold": 1.4,
  "accuracy": 0.94,
  "precision": 0.9230769230769231,
  "recall": 0.96,
  "f1_score": 0.9411764705882353,
  "roc_auc": 0.9826,
  "average_precision": 0.9825234894003261
}